<?xml version="1.0" encoding="UTF-8" standalone="yes"?>
<addon id="repository.Mirepor" name="[COLOR white]Energy repositorio[/COLOR]" version="1.0.1" provider-name="Ambrosio">
    <extension point="xbmc.addon.repository" name="Energy repositorio">
        <info>https://raw.githubusercontent.com/AddonEnergy/Repositorio/master/addons.xml</info>
        <checksum>https://raw.githubusercontent.com/AddonEnergy/Repositorio/master/addons.xml.md5</checksum>
        <datadir zip="true">https://raw.githubusercontent.com/AddonEnergy/Repositorio/master/</datadir>
    </extension>
    <extension point="xbmc.addon.metadata">
        <summary></summary>
        <description></description>
        <disclaimer></disclaimer>
        <platform>all</platform>
    </extension>
</addon>
